S.No;RMSE;std. RMSE;Meaning_Error;std. Meaning Error;Sentence_Error;std. Sentence Error;leak_rate;spectral_radius;input_scaling
1;0.60462310379669737;0.010326363572797025;0.35072463768115947;0.016131328347451974;0.90869565217391313;0.023413760031019616;0.01;1.8;2.0
2;0.60302528202097605;0.010227334453848254;0.34574275362318846;0.015547288898116457;0.90652173913043477;0.02581378714573463;0.01;1.8;2.1000000000000001
3;0.60135807414071873;0.010125970060119682;0.34384057971014492;0.014442848860865732;0.90217391304347816;0.024305086711954259;0.01;1.8;2.2000000000000002
4;0.59980309498577267;0.010026785991566018;0.33795289855072463;0.01469765702886708;0.88913043478260878;0.031427896293045571;0.01;1.8;2.3000000000000003
5;0.5983513286872042;0.0099307320418621087;0.33369565217391306;0.015049322047782704;0.88478260869565217;0.033748205861434837;0.01;1.8;2.4000000000000004
6;0.59699558556974253;0.0098388782995076172;0.32961956521739133;0.015448820332777453;0.87826086956521743;0.03790346907426672;0.01;1.8;2.5000000000000004
7;0.59572927248836205;0.0097523100023239589;0.32626811594202898;0.017549102954075843;0.87608695652173907;0.038948854059062857;0.01;1.8;2.6000000000000005
8;0.59454612078321856;0.0096720102554834902;0.32300724637681155;0.019432250805054892;0.87608695652173907;0.038948854059062857;0.01;1.8;2.7000000000000006
9;0.59342620681525227;0.0095985741586317088;0.31938405797101449;0.020994962188655812;0.86956521739130432;0.042377366716560713;0.01;1.8;2.8000000000000007
10;0.59240766141076817;0.009533363092735489;0.31594202898550722;0.019753023744985054;0.86086956521739122;0.044763609308639117;0.01;1.8;2.9000000000000008
11;0.60301692355111602;0.010296514902666292;0.34873188405797106;0.016672572992526856;0.90652173913043477;0.02581378714573463;0.01;1.9000000000000001;2.0
12;0.60123724717024107;0.010192780241526355;0.34221014492753626;0.014463285258124681;0.89782608695652166;0.02581378714573461;0.01;1.9000000000000001;2.1000000000000001
13;0.59956789061311633;0.01009030271685535;0.33704710144927541;0.013697916479487548;0.89130434782608692;0.029166104054345089;0.01;1.9000000000000001;2.2000000000000002
14;0.59801195140107266;0.009990345274530214;0.33106884057971014;0.014863078878099588;0.88043478260869568;0.037965759122984742;0.01;1.9000000000000001;2.3000000000000003
15;0.59636599403530521;0.009890149052471835;0.32681159420289851;0.015890479898252464;0.87608695652173907;0.038948854059062857;0.01;1.9000000000000001;2.4000000000000004
16;0.59520564074178728;0.0098026310626531457;0.32463768115942027;0.017718465632346098;0.87608695652173907;0.038948854059062857;0.01;1.9000000000000001;2.5000000000000004
17;0.59394077878695462;0.0097172561506419525;0.31956521739130439;0.018808326629411093;0.86956521739130432;0.042377366716560713;0.01;1.9000000000000001;2.6000000000000005
18;0.59275965590232793;0.0096389701261616664;0.31594202898550722;0.020618775435051532;0.86521739130434783;0.03864432355354603;0.01;1.9000000000000001;2.7000000000000006
19;0.59165622198851486;0.0095685824030626049;0.3136775362318841;0.020603847920942796;0.86304347826086958;0.047677635216220239;0.01;1.9000000000000001;2.8000000000000007
20;0.59062495303642548;0.0095066178349978003;0.30842391304347833;0.021804137405605415;0.85869565217391308;0.045858745890715195;0.01;1.9000000000000001;2.9000000000000008
21;0.60132914259646764;0.010266093162792049;0.34094202898550729;0.015938940741720371;0.90000000000000002;0.026086956521739136;0.01;2.0;2.0
22;0.59953246262934712;0.010160541896643904;0.33451086956521736;0.014656289739306294;0.89130434782608692;0.029166104054345089;0.01;2.0;2.1000000000000001
23;0.59786103423294168;0.010056858831907977;0.32862318840579713;0.016257985613177234;0.88260869565217381;0.03790346907426672;0.01;2.0;2.2000000000000002
24;0.59630360593522458;0.0099562363477839564;0.32563405797101452;0.017377381579778022;0.87826086956521743;0.039130434782608692;0.01;2.0;2.3000000000000003
25;0.59465516263354079;0.0098560760195501185;0.32192028985507248;0.018674364354857469;0.87608695652173907;0.040143881114389969;0.01;2.0;2.4000000000000004
26;0.59349454954298075;0.0097693136560053784;0.31775362318840583;0.020737808726455354;0.86956521739130432;0.042377366716560713;0.01;2.0;2.5000000000000004
27;0.59222834074184205;0.0096855610121385372;0.31512681159420292;0.020203336824410469;0.86739130434782619;0.038213903980971617;0.01;2.0;2.6000000000000005
28;0.59104533400083203;0.0096097265093083445;0.31277173913043471;0.020865012146750798;0.86521739130434783;0.044339300118198137;0.01;2.0;2.7000000000000006
29;0.58994010653823137;0.009542565268009685;0.30932971014492755;0.022203117608277211;0.85869565217391308;0.043749156081517616;0.01;2.0;2.8000000000000007
30;0.58890670047523608;0.0094844886378426183;0.30498188405797105;0.021580223869942409;0.85434782608695659;0.045652173913043471;0.01;2.0;2.9000000000000008
31;0.59951085779581448;0.010232759236312111;0.33550724637681156;0.014202251538057703;0.89782608695652166;0.027583864218368528;0.01;2.1000000000000005;2.0
32;0.59790583321505653;0.010129218702448536;0.32943840579710149;0.014026992705659677;0.88260869565217404;0.035321906107112867;0.01;2.1000000000000005;2.1000000000000001
33;0.59603495198866185;0.010020466394139104;0.32346014492753622;0.017169335673858262;0.87608695652173907;0.040143881114389969;0.01;2.1000000000000005;2.2000000000000002
34;0.59466906107307405;0.0099233866572036467;0.3223731884057971;0.019165476593830996;0.87826086956521743;0.039130434782608692;0.01;2.1000000000000005;2.3000000000000003
35;0.59321145462842695;0.0098274749048105937;0.31856884057971019;0.021235292116543687;0.86956521739130432;0.036376522892785888;0.01;2.1000000000000005;2.4000000000000004
36;0.59165166332591335;0.0097343226430049307;0.31576086956521737;0.020608426841435695;0.86739130434782619;0.0356548249279494;0.01;2.1000000000000005;2.5000000000000004
37;0.59057813641522772;0.0096563928292293776;0.31403985507246379;0.023502074890413192;0.86739130434782619;0.045026772124365178;0.01;2.1000000000000005;2.6000000000000005
38;0.58938961291861092;0.0095834647158121334;0.30932971014492755;0.022132795838953855;0.85652173913043472;0.044763609308639117;0.01;2.1000000000000005;2.7000000000000006
39;0.5882782151177921;0.0095199364330944853;0.30371376811594208;0.023111320298047109;0.84999999999999998;0.051855914964680692;0.01;2.1000000000000005;2.8000000000000007
40;0.58723828051051841;0.0094660601108499404;0.29918478260869563;0.023178673512457563;0.84565217391304337;0.048072487798904273;0.01;2.1000000000000005;2.9000000000000008
41;0.59795954828517595;0.010202693557738556;0.33106884057971014;0.016629457913906791;0.88478260869565217;0.03231754075504023;0.01;2.2000000000000002;2.0
42;0.59634960418446048;0.010097854690611687;0.32409420289855073;0.016348571264751425;0.87826086956521743;0.036635433796418947;0.01;2.2000000000000002;2.1000000000000001
43;0.59466757366014034;0.0099922098591922609;0.32065217391304351;0.020148641613622158;0.87391304347826093;0.042153737890576769;0.01;2.2000000000000002;2.2000000000000002
44;0.59309789322654638;0.0098911001645116941;0.31675724637681169;0.020165126785350779;0.86739130434782619;0.038213903980971617;0.01;2.2000000000000002;2.3000000000000003
45;0.59143128124599298;0.0097919828314923484;0.31612318840579706;0.020821515236513929;0.86739130434782619;0.038213903980971617;0.01;2.2000000000000002;2.4000000000000004
46;0.59026025196264542;0.0097082722234954257;0.31349637681159415;0.022420811253223597;0.86521739130434783;0.042153737890576762;0.01;2.2000000000000002;2.5000000000000004
47;0.58897840480752606;0.0096291525571975227;0.30842391304347827;0.022210506947897144;0.85434782608695659;0.045652173913043471;0.01;2.2000000000000002;2.6000000000000005
48;0.58777934682796196;0.0095595427126998356;0.30471014492753623;0.022191844128186013;0.84999999999999998;0.043964670469905806;0.01;2.2000000000000002;2.7000000000000006
49;0.58665738667417178;0.0094999854864567142;0.29927536231884055;0.023422168636078239;0.84782608695652184;0.045600384703050029;0.01;2.2000000000000002;2.8000000000000007
50;0.58539883868968412;0.0094487317574105719;0.29673913043478267;0.024839988873970518;0.84565217391304337;0.048072487798904273;0.01;2.2000000000000002;2.9000000000000008
51;0.59665436396494964;0.010175613445940876;0.32771739130434785;0.018825767588860995;0.88043478260869568;0.034027121396735929;0.01;2.3000000000000007;2.0
52;0.59485443445980246;0.010065866722588955;0.32255434782608694;0.019693328890604836;0.87608695652173929;0.038948854059062857;0.01;2.3000000000000007;2.1000000000000001
53;0.59296194682038517;0.0099552841835449223;0.31621376811594204;0.019668315655559789;0.86739130434782619;0.038213903980971617;0.01;2.3000000000000007;2.2000000000000002
54;0.59157864652674186;0.0098589512054693147;0.31585144927536235;0.019787261556662748;0.86739130434782619;0.038213903980971617;0.01;2.3000000000000007;2.3000000000000003
55;0.59009852959860432;0.0097650969973322194;0.31222826086956518;0.019820405377644866;0.86304347826086958;0.038948854059062857;0.01;2.3000000000000007;2.4000000000000004
56;0.58871340853140786;0.0096795228318465078;0.30670289855072463;0.021527502522106914;0.85434782608695659;0.049620487871797056;0.01;2.3000000000000007;2.5000000000000004
57;0.58720862610747671;0.009599979636161788;0.3016304347826087;0.022444767560441791;0.84565217391304337;0.042876267224600015;0.01;2.3000000000000007;2.6000000000000005
58;0.586203414373342;0.0095374355838362436;0.29882246376811594;0.022747773698860468;0.84565217391304337;0.042876267224600015;0.01;2.3000000000000007;2.7000000000000006
59;0.58506692400852089;0.0094820922268737864;0.29519927536231882;0.024926542205071244;0.8413043478260871;0.04962048787179707;0.01;2.3000000000000007;2.8000000000000007
60;0.58400241564178967;0.0094372504507289831;0.28858695652173916;0.024336123395301952;0.83260869565217388;0.047677635216220225;0.01;2.3000000000000007;2.9000000000000008
61;0.59523897632046752;0.010144022190869214;0.32364130434782606;0.019520085156900853;0.87608695652173907;0.037715981680211896;0.01;2.4000000000000004;2.0
62;0.59341032682711425;0.010032952005681753;0.31775362318840583;0.019303469210105062;0.86739130434782619;0.03695652173913043;0.01;2.4000000000000004;2.1000000000000001
63;0.59170127912306159;0.0099266728871490288;0.31340579710144928;0.019073428734233906;0.86304347826086958;0.036441423074435216;0.01;2.4000000000000004;2.2000000000000002
64;0.59010095302343601;0.0098267002798611714;0.30987318840579708;0.021112846114546033;0.85869565217391308;0.037965759122984714;0.01;2.4000000000000004;2.3000000000000003
65;0.58860252421882198;0.0097345365883320881;0.30425724637681156;0.022711676985123327;0.85217391304347834;0.046422079356657847;0.01;2.4000000000000004;2.4000000000000004
66;0.58719870654213224;0.0096515036709708731;0.30027173913043476;0.023214750942248955;0.84347826086956523;0.045392636995263233;0.01;2.4000000000000004;2.5000000000000004
67;0.58586806105516342;0.0095784044853260957;0.29601449275362313;0.023294312047042985;0.8413043478260871;0.04962048787179707;0.01;2.4000000000000004;2.6000000000000005
68;0.58465209624502457;0.0095166437053425552;0.2921195652173913;0.024607858389078776;0.83695652173913049;0.046877953593147441;0.01;2.4000000000000004;2.7000000000000006
69;0.58349824452697663;0.0094656624463554037;0.28514492753623188;0.025290400102095881;0.83043478260869574;0.045392636995263254;0.01;2.4000000000000004;2.8000000000000007
70;0.58241659620015596;0.0094254263545705125;0.28125000000000006;0.025453543238005989;0.82826086956521738;0.049045713794254264;0.01;2.4000000000000004;2.9000000000000008
71;0.54686001218676572;0.0095173790990169989;0.16775362318840581;0.027518348502514056;0.60434782608695647;0.062855792586091142;0.029999999999999999;1.8;2.0
72;0.54522313592688243;0.0096445715431174341;0.16068840579710147;0.027842617561159806;0.58695652173913049;0.068054242793471872;0.029999999999999999;1.8;2.1000000000000001
73;0.54410762564625892;0.0097554306162330566;0.15769927536231884;0.026862496969497322;0.57826086956521738;0.057680431136615667;0.029999999999999999;1.8;2.2000000000000002
74;0.54286079274496735;0.0098801589895438566;0.15715579710144928;0.025821573079808677;0.57608695652173902;0.052579941836729684;0.029999999999999999;1.8;2.3000000000000003
75;0.54168300731741947;0.010002610854468375;0.15190217391304348;0.026230764298704336;0.55869565217391304;0.055891131009488879;0.029999999999999999;1.8;2.4000000000000004
76;0.54056734223349667;0.010119545518413191;0.15054347826086958;0.025257937377111853;0.54565217391304344;0.046064391522645867;0.029999999999999999;1.8;2.5000000000000004
77;0.53929863687709212;0.010245993605842191;0.14746376811594203;0.025775617988162927;0.5347826086956522;0.047826086956521748;0.029999999999999999;1.8;2.6000000000000005
78;0.53850467940078495;0.010329167218104307;0.1463768115942029;0.024500765133430087;0.53695652173913044;0.048658759316520424;0.029999999999999999;1.8;2.7000000000000006
79;0.53755441220075117;0.010418870810846087;0.14356884057971014;0.024833547160791829;0.5260869565217392;0.047429183107111798;0.029999999999999999;1.8;2.8000000000000007
80;0.53665810041871853;0.010497087412010022;0.1433876811594203;0.025725435025405832;0.5260869565217392;0.045392636995263254;0.029999999999999999;1.8;2.9000000000000008
81;0.54465776078642558;0.0096243526834800877;0.16005434782608696;0.027342622418764798;0.58260869565217388;0.062855792586091142;0.029999999999999999;1.9000000000000001;2.0
82;0.54346922492628036;0.0097479356376084306;0.15606884057971016;0.025728624155290061;0.57608695652173914;0.056896749253488706;0.029999999999999999;1.9000000000000001;2.1000000000000001
83;0.54215387091204315;0.0098863360197185592;0.15235507246376812;0.026392136016629437;0.56521739130434789;0.062251395927288511;0.029999999999999999;1.9000000000000001;2.2000000000000002
84;0.54091214159930412;0.010022962122769079;0.14945652173913043;0.027258323005513084;0.54565217391304344;0.05538147479503043;0.029999999999999999;1.9000000000000001;2.3000000000000003
85;0.53973447512636041;0.010153768839331025;0.14673913043478262;0.026510624700526814;0.53043478260869559;0.048804226784007941;0.029999999999999999;1.9000000000000001;2.4000000000000004
86;0.53859831145553527;0.010277072189488784;0.14393115942028986;0.025195003232401005;0.5260869565217392;0.050329725664305332;0.029999999999999999;1.9000000000000001;2.5000000000000004
87;0.53753355463866104;0.010388496352298191;0.14248188405797102;0.025820937581357114;0.51739130434782621;0.053071980937972614;0.029999999999999999;1.9000000000000001;2.6000000000000005
88;0.53653918412866319;0.010486991746505636;0.14184782608695651;0.025745041918102202;0.5086956521739131;0.042599821613620484;0.029999999999999999;1.9000000000000001;2.7000000000000006
89;0.53558375224426102;0.010574146144902177;0.13831521739130431;0.027495231919423369;0.50217391304347825;0.050000000000000003;0.029999999999999999;1.9000000000000001;2.8000000000000007
90;0.53468410809703604;0.010647793995339267;0.13867753623188406;0.030263520250460141;0.49565217391304345;0.057351765035969234;0.029999999999999999;1.9000000000000001;2.9000000000000008
91;0.54298194935269595;0.0097156636170639896;0.15443840579710144;0.02581839543112819;0.57173913043478264;0.058372702530858932;0.029999999999999999;2.0;2.0
92;0.54158993567483404;0.0098670320279918983;0.15108695652173915;0.026444932142904963;0.55434782608695654;0.060127463851910146;0.029999999999999999;2.0;2.1000000000000001
93;0.54026202141383006;0.010019351068589947;0.14701086956521742;0.027833333569156585;0.5391304347826088;0.053955102808655911;0.029999999999999999;2.0;2.2000000000000002
94;0.53903509997701637;0.010163536611098058;0.14510869565217391;0.026289346742604875;0.5260869565217392;0.053955102808655904;0.029999999999999999;2.0;2.3000000000000003
95;0.53763359113824505;0.010315749652304008;0.14148550724637682;0.025471426801041662;0.51739130434782621;0.048415342285478453;0.029999999999999999;2.0;2.4000000000000004
96;0.53672255509287514;0.010423075530525875;0.14039855072463767;0.026882495364564562;0.51086956521739135;0.051673323147846582;0.029999999999999999;2.0;2.5000000000000004
97;0.53542921545187583;0.01054926438417178;0.1355978260869565;0.029124018013072867;0.4891304347826087;0.051673323147846582;0.029999999999999999;2.0;2.6000000000000005
98;0.5346302789337829;0.010629462625173893;0.13414855072463766;0.029636180687364046;0.48260869565217385;0.054824000925732572;0.029999999999999999;2.0;2.7000000000000006
99;0.53344897102065336;0.010725609548902157;0.13306159420289856;0.029094140857587228;0.47826086956521741;0.048610173423908463;0.029999999999999999;2.0;2.8000000000000007
100;0.53276832059215262;0.010778067312584537;0.13306159420289854;0.029544679967241645;0.47608695652173905;0.047079147451538503;0.029999999999999999;2.0;2.9000000000000008
101;0.54094745018029311;0.0098332632529794881;0.14918478260869564;0.025683940301966759;0.55217391304347829;0.0624030438887275;0.029999999999999999;2.1000000000000005;2.0
102;0.53977740790831985;0.0099851537049482613;0.14628623188405795;0.026381097607265761;0.5347826086956522;0.056017820550978821;0.029999999999999999;2.1000000000000005;2.1000000000000001
103;0.53846292462033551;0.010145413097065178;0.14275362318840579;0.026099534005002905;0.51739130434782621;0.059772726455945745;0.029999999999999999;2.1000000000000005;2.2000000000000002
104;0.53699087834758685;0.010311468780609406;0.13903985507246377;0.029404941961194739;0.50652173913043486;0.065973873502145744;0.029999999999999999;2.1000000000000005;2.3000000000000003
105;0.53601858943865577;0.010433240535778904;0.1348731884057971;0.028159802791900418;0.4891304347826087;0.064671629481058771;0.029999999999999999;2.1000000000000005;2.4000000000000004
106;0.53487968103004102;0.010555205466779988;0.13324275362318841;0.030260809048540185;0.4804347826086956;0.063342618627536817;0.029999999999999999;2.1000000000000005;2.5000000000000004
107;0.53357247425876408;0.010675221165321387;0.13034420289855073;0.031491140612766755;0.47391304347826085;0.065072302378677227;0.029999999999999999;2.1000000000000005;2.6000000000000005
108;0.53277231115762835;0.010750748270527305;0.13007246376811593;0.029660394896474804;0.46739130434782605;0.057721382814572834;0.029999999999999999;2.1000000000000005;2.7000000000000006
109;0.53158309509370105;0.010837202712927764;0.12934782608695652;0.029305861032620492;0.46086956521739131;0.049381811702611078;0.029999999999999999;2.1000000000000005;2.8000000000000007
110;0.53089226659131183;0.010884505963316792;0.12771739130434784;0.027688366919627248;0.45869565217391306;0.046064391522645853;0.029999999999999999;2.1000000000000005;2.9000000000000008
111;0.53939344763978947;0.0099245897010314527;0.14483695652173911;0.027084545074923524;0.53043478260869581;0.072231511851461538;0.029999999999999999;2.2000000000000002;2.0
112;0.53779380186857861;0.010111915635981069;0.13903985507246377;0.02643391578042615;0.51086956521739135;0.061679395474396131;0.029999999999999999;2.2000000000000002;2.1000000000000001
113;0.53669490478225512;0.01026355416556367;0.13885869565217393;0.029317757229943574;0.50652173913043486;0.059970061844059674;0.029999999999999999;2.2000000000000002;2.2000000000000002
114;0.53520701976902163;0.010430033564276606;0.13423913043478261;0.02964268587488179;0.4826086956521739;0.062855792586091142;0.029999999999999999;2.2000000000000002;2.3000000000000003
115;0.53421231894486443;0.010551949469601554;0.13143115942028988;0.028910256712526877;0.47826086956521741;0.063751644776587749;0.029999999999999999;2.2000000000000002;2.4000000000000004
116;0.53308152790295882;0.010668069269427828;0.12952898550724637;0.029135143645657526;0.47391304347826085;0.060558209900800519;0.029999999999999999;2.2000000000000002;2.5000000000000004
117;0.53199196088376821;0.010767172808255614;0.12644927536231884;0.02894925268904084;0.45869565217391306;0.064084360752102928;0.029999999999999999;2.2000000000000002;2.6000000000000005
118;0.53096447919169676;0.010848823666781747;0.12536231884057969;0.028024724096421167;0.45000000000000001;0.052399873013886739;0.029999999999999999;2.2000000000000002;2.7000000000000006
119;0.53000255158693643;0.010914434468352512;0.12364130434782609;0.027322210081289326;0.44782608695652176;0.049763144096780863;0.029999999999999999;2.2000000000000002;2.8000000000000007
120;0.52910897008892011;0.010965285620396691;0.12282608695652172;0.025495252038301851;0.44347826086956521;0.045807190229794514;0.029999999999999999;2.2000000000000002;2.9000000000000008
121;0.53770002524424809;0.010022806936731124;0.14121376811594205;0.027466570208091311;0.51956521739130435;0.05788489980736674;0.029999999999999999;2.3000000000000007;2.0
122;0.53629899464151887;0.010202865433423525;0.13903985507246377;0.029203353693364027;0.50217391304347825;0.061063356109513661;0.029999999999999999;2.3000000000000007;2.1000000000000001
123;0.53496573232011446;0.010370296761022885;0.13550724637681161;0.029135706855826539;0.4913043478260869;0.061641073385903591;0.029999999999999999;2.3000000000000007;2.2000000000000002
124;0.53346197392714956;0.010533479686313001;0.12862318840579712;0.027783028279247553;0.47173913043478255;0.053294133357092446;0.029999999999999999;2.3000000000000007;2.3000000000000003
125;0.53247979520042188;0.010650960141763673;0.12527173913043477;0.025906588870032801;0.458695652173913;0.054521461756454143;0.029999999999999999;2.3000000000000007;2.4000000000000004
126;0.53132566896699185;0.01076118415715673;0.12264492753623187;0.02768599623877872;0.44782608695652176;0.056855203611400083;0.029999999999999999;2.3000000000000007;2.5000000000000004
127;0.53000033593366314;0.010861841330771758;0.12110507246376812;0.025855866801098103;0.43695652173913047;0.04707914745153851;0.029999999999999999;2.3000000000000007;2.6000000000000005
128;0.52920813376495102;0.010924987713048936;0.12228260869565218;0.026439346955301493;0.44130434782608691;0.05056392760701308;0.029999999999999999;2.3000000000000007;2.7000000000000006
129;0.52825313381369343;0.010982488224287641;0.12083333333333335;0.02666245733160922;0.43260869565217391;0.055381474795030423;0.029999999999999999;2.3000000000000007;2.8000000000000007
130;0.52735371722254765;0.011026988185178757;0.11603260869565217;0.025933178242830503;0.41739130434782606;0.052173913043478251;0.029999999999999999;2.3000000000000007;2.9000000000000008
131;0.5360278958236655;0.010117199281230251;0.13840579710144929;0.029280653130746157;0.50217391304347825;0.058695652173913045;0.029999999999999999;2.4000000000000004;2.0
132;0.53438093112933138;0.010312695087317336;0.13288043478260869;0.026262024531101363;0.4826086956521739;0.053071980937972614;0.029999999999999999;2.4000000000000004;2.1000000000000001
133;0.53327106311831218;0.010465605660692906;0.12971014492753624;0.026392136016629434;0.4826086956521739;0.054824000925732565;0.029999999999999999;2.4000000000000004;2.2000000000000002
134;0.53197138239662956;0.010612220441306986;0.12336956521739131;0.024250338605785984;0.45652173913043476;0.04861017342390847;0.029999999999999999;2.4000000000000004;2.3000000000000003
135;0.53076903486361071;0.010735066820737674;0.11992753623188405;0.026086956521739132;0.43478260869565216;0.044551959851998252;0.029999999999999999;2.4000000000000004;2.4000000000000004
136;0.52961247499584563;0.010837052038536382;0.11956521739130435;0.025785801954576939;0.42826086956521736;0.045652173913043471;0.029999999999999999;2.4000000000000004;2.5000000000000004
137;0.528522770555794;0.010919181520701949;0.1183876811594203;0.02488899030443564;0.41956521739130437;0.04962048787179707;0.029999999999999999;2.4000000000000004;2.6000000000000005
138;0.52750532761169955;0.010983798068318541;0.11639492753623189;0.02439353806067977;0.41739130434782606;0.044339300118198116;0.029999999999999999;2.4000000000000004;2.7000000000000006
139;0.52656295958244814;0.011034116281366409;0.11403985507246377;0.023541839182219724;0.40652173913043477;0.042433089773789415;0.029999999999999999;2.4000000000000004;2.8000000000000007
140;0.5256968964426566;0.011072467320713949;0.11141304347826089;0.026594054811418844;0.39347826086956528;0.054521461756454129;0.029999999999999999;2.4000000000000004;2.9000000000000008
141;0.52557930117493012;0.011127121678759396;0.1108695652173913;0.028170726731315762;0.39565217391304347;0.054824000925732565;0.049999999999999996;1.8;2.0
142;0.52444801370983885;0.011270762818327918;0.10778985507246377;0.027732779663115097;0.38043478260869562;0.049810605379954784;0.049999999999999996;1.8;2.1000000000000001
143;0.52344432088420201;0.011398225328519042;0.10498188405797101;0.026431432585927374;0.37173913043478263;0.049045713794254243;0.049999999999999996;1.8;2.2000000000000002
144;0.52256035576299653;0.011513928945404771;0.1029891304347826;0.02583046841645998;0.35869565217391303;0.047875468577272262;0.049999999999999996;1.8;2.3000000000000003
145;0.52178673348291948;0.011621774372007225;0.099637681159420288;0.026218093300221065;0.34782608695652178;0.051444172026953179;0.049999999999999996;1.8;2.4000000000000004
146;0.52111663493399785;0.011726858080947472;0.096829710144927542;0.027805020378792573;0.34347826086956523;0.058976782461958852;0.049999999999999996;1.8;2.5000000000000004
147;0.52054312878338538;0.011833371355006372;0.095380434782608686;0.028514774734808158;0.33913043478260874;0.062403043888727493;0.049999999999999996;1.8;2.6000000000000005
148;0.51988222472127688;0.01195493381281643;0.092300724637681159;0.026576926673356462;0.33043478260869563;0.051260113576311286;0.049999999999999996;1.8;2.7000000000000006
149;0.51965790740760864;0.012061901013279192;0.091123188405797098;0.026193672625507602;0.32173913043478264;0.053955102808655911;0.049999999999999996;1.8;2.8000000000000007
150;0.51932973547700811;0.012192304735722198;0.090398550724637677;0.026429414818604179;0.31739130434782614;0.052534982493889451;0.049999999999999996;1.8;2.9000000000000008
151;0.52351082271165283;0.011273144399814194;0.10724637681159421;0.027647444184269281;0.38043478260869568;0.054347826086956527;0.049999999999999996;1.9000000000000001;2.0
152;0.52224215809279395;0.011429259652387547;0.10208333333333333;0.025969852145071654;0.35869565217391303;0.049810605379954784;0.049999999999999996;1.9000000000000001;2.1000000000000001
153;0.52152375077559687;0.01153534394949295;0.099456521739130443;0.026251869038590822;0.34782608695652178;0.052354759038227359;0.049999999999999996;1.9000000000000001;2.2000000000000002
154;0.52070951031152446;0.011650578441595604;0.098007246376811574;0.027560058341647264;0.34130434782608698;0.05056392760701308;0.049999999999999996;1.9000000000000001;2.3000000000000003
155;0.51981156482801283;0.011780415455248664;0.096014492753623171;0.028219614071731881;0.33695652173913049;0.05257994183672967;0.049999999999999996;1.9000000000000001;2.4000000000000004
156;0.51920740493318895;0.011888934525747357;0.092119565217391314;0.02684905456908936;0.32173913043478264;0.051260113576311293;0.049999999999999996;1.9000000000000001;2.5000000000000004
157;0.51887244006816335;0.011976143844670913;0.08958333333333332;0.026862496969497319;0.31521739130434784;0.058534400077548961;0.049999999999999996;1.9000000000000001;2.6000000000000005
158;0.51843770032670167;0.012085180795609163;0.088586956521739132;0.027046197457154846;0.31086956521739129;0.056730384133477779;0.049999999999999996;1.9000000000000001;2.7000000000000006
159;0.51808021820430683;0.012198025004224363;0.089221014492753631;0.028162133587868694;0.30434782608695654;0.058332208108690164;0.049999999999999996;1.9000000000000001;2.8000000000000007
160;0.51779148659403884;0.012318740648479268;0.089039855072463772;0.0260392642244065;0.30652173913043479;0.051855914964680706;0.049999999999999996;1.9000000000000001;2.9000000000000008
161;0.5216021464145546;0.011451685218938901;0.10226449275362319;0.02844678834914062;0.36086956521739127;0.049763144096780849;0.049999999999999996;2.0;2.0
162;0.52062158379129464;0.011591621106738231;0.098188405797101447;0.02663474775288276;0.34782608695652178;0.052354759038227366;0.049999999999999996;2.0;2.1000000000000001
163;0.51956304340380843;0.011746084082718943;0.097101449275362309;0.027284797918209199;0.34347826086956529;0.054824000925732565;0.049999999999999996;2.0;2.2000000000000002
164;0.51881428785564054;0.011871008042587419;0.094836956521739124;0.026600378631745768;0.33260869565217394;0.055039082179009401;0.049999999999999996;2.0;2.3000000000000003
165;0.5183500743290832;0.011964231812834855;0.092300724637681159;0.027689700338409548;0.31739130434782609;0.056017820550978807;0.049999999999999996;2.0;2.4000000000000004
166;0.51759847493219802;0.012105544303455881;0.088496376811594196;0.028240104085962028;0.29999999999999993;0.05735176503596922;0.049999999999999996;2.0;2.5000000000000004
167;0.51728912145083561;0.012190354414612265;0.086231884057971012;0.027524310920737243;0.28695652173913044;0.054824000925732579;0.049999999999999996;2.0;2.6000000000000005
168;0.51690218110002606;0.012292737037596089;0.085960144927536231;0.026935701062037049;0.28913043478260869;0.063788698917918316;0.049999999999999996;2.0;2.7000000000000006
169;0.51657681626250329;0.012394664098431929;0.085054347826086965;0.026530579078376419;0.2847826086956522;0.066969225220649409;0.049999999999999996;2.0;2.8000000000000007
170;0.51614765807649232;0.012519991897480685;0.08315217391304347;0.022487861086379145;0.28260869565217389;0.059136828298849753;0.049999999999999996;2.0;2.9000000000000008
171;0.51962548679697418;0.011677927342018968;0.0970108695652174;0.027689700338409548;0.33913043478260868;0.054304330420855619;0.049999999999999996;2.1000000000000005;2.0
172;0.51891782475382553;0.011799699690060346;0.093931159420289859;0.026252650369796439;0.32826086956521744;0.049999999999999996;0.049999999999999996;2.1000000000000005;2.1000000000000001
173;0.51790778659533809;0.011967127224015462;0.094021739130434781;0.025326061039567093;0.32826086956521738;0.057062629340898639;0.049999999999999996;2.1000000000000005;2.2000000000000002
174;0.51738846392316751;0.01207277388916681;0.094474637681159421;0.026246399068885155;0.32173913043478264;0.055679341195068247;0.049999999999999996;2.1000000000000005;2.3000000000000003
175;0.51675697028489354;0.012196990407013553;0.088858695652173914;0.027442662581710603;0.29782608695652174;0.063043478260869562;0.049999999999999996;2.1000000000000005;2.4000000000000004
176;0.51621148817954754;0.012311748646479253;0.086141304347826103;0.02782566825809691;0.28695652173913044;0.066508950177297188;0.049999999999999996;2.1000000000000005;2.5000000000000004
177;0.51574983322822066;0.012414559938855714;0.085778985507246372;0.026190070215308659;0.2804347826086957;0.064817615286415539;0.049999999999999996;2.1000000000000005;2.6000000000000005
178;0.51535634323466994;0.012507696292985806;0.083967391304347827;0.025174153180251867;0.27826086956521739;0.066508950177297188;0.049999999999999996;2.1000000000000005;2.7000000000000006
179;0.51506997292022583;0.012587416248333738;0.082789855072463767;0.024143188734647967;0.27391304347826084;0.063155821940582391;0.049999999999999996;2.1000000000000005;2.8000000000000007
180;0.51484278341116063;0.012664323807292235;0.080525362318840582;0.02154369427396249;0.26086956521739135;0.054996133220319647;0.049999999999999996;2.1000000000000005;2.9000000000000008
181;0.51797655281633026;0.011888377108424096;0.096195652173913043;0.026710419171805288;0.33695652173913049;0.057721382814572841;0.049999999999999996;2.2000000000000002;2.0
182;0.51730164595621131;0.012015361642319077;0.093840579710144922;0.025916563081666011;0.32391304347826089;0.058695652173913045;0.049999999999999996;2.2000000000000002;2.1000000000000001
183;0.5164929778765901;0.012161680784235655;0.092028985507246377;0.029180728449328303;0.31086956521739129;0.072133304447987198;0.049999999999999996;2.2000000000000002;2.2000000000000002
184;0.51579422160832267;0.01229119023568909;0.088858695652173914;0.02821219912518521;0.29565217391304349;0.071574250578931867;0.049999999999999996;2.2000000000000002;2.3000000000000003
185;0.51516151945969069;0.012407338260327619;0.089855072463768129;0.028093731889455003;0.29347826086956524;0.066827939777997378;0.049999999999999996;2.2000000000000002;2.4000000000000004
186;0.51461343596152276;0.012504770672971018;0.086956521739130446;0.025157688989052653;0.28913043478260869;0.065253613129581028;0.049999999999999996;2.2000000000000002;2.5000000000000004
187;0.51415549887290968;0.01258333946963117;0.082336956521739141;0.022310758994680446;0.26956521739130435;0.058494017595972649;0.049999999999999996;2.2000000000000002;2.6000000000000005
188;0.51378917085757381;0.012644819290802418;0.08115942028985508;0.022276716553367465;0.2565217391304348;0.050329725664305332;0.049999999999999996;2.2000000000000002;2.7000000000000006
189;0.51351345409476701;0.012694073245670952;0.08043478260869566;0.02142664910212121;0.25652173913043474;0.049381811702611078;0.049999999999999996;2.2000000000000002;2.8000000000000007
190;0.51332330367007173;0.012737413766299199;0.079619565217391303;0.020068874594087731;0.25434782608695655;0.050563927607013073;0.049999999999999996;2.2000000000000002;2.9000000000000008
191;0.51660808863890295;0.012069174486756354;0.09329710144927536;0.027623099061552369;0.32391304347826094;0.05949535731914786;0.049999999999999996;2.3000000000000007;2.0
192;0.51574591199647957;0.012219568953935884;0.092481884057971017;0.02918986497547196;0.31086956521739129;0.069463240472480245;0.049999999999999996;2.3000000000000007;2.1000000000000001
193;0.51493838564531713;0.012353986604374895;0.088586956521739132;0.027006732106643803;0.29130434782608694;0.066081235450307238;0.049999999999999996;2.3000000000000007;2.2000000000000002
194;0.51420093230895891;0.01246546823067385;0.084057971014492749;0.025212419341604661;0.28043478260869559;0.056228335462511145;0.049999999999999996;2.3000000000000007;2.3000000000000003
195;0.51332581616267436;0.012564567089552923;0.082065217391304346;0.025585200790200966;0.26304347826086955;0.04904571379425425;0.049999999999999996;2.3000000000000007;2.4000000000000004
196;0.51297869936240514;0.012610953240697142;0.080797101449275363;0.023350598977109605;0.25652173913043474;0.050329725664305332;0.049999999999999996;2.3000000000000007;2.5000000000000004
197;0.51251544694263995;0.012645598376192455;0.079891304347826084;0.019930829767355173;0.24999999999999994;0.04265525406597518;0.049999999999999996;2.3000000000000007;2.6000000000000005
198;0.51215917781680353;0.012660337162952147;0.078079710144927525;0.019947289287682326;0.2434782608695652;0.045392636995263254;0.049999999999999996;2.3000000000000007;2.7000000000000006
199;0.51191221051493652;0.012664392400604714;0.077173913043478273;0.017022238873223718;0.24347826086956523;0.041017309269811321;0.049999999999999996;2.3000000000000007;2.8000000000000007
200;0.51175417125250189;0.012665110613340358;0.075724637681159418;0.016315414923476011;0.23695652173913045;0.038213903980971617;0.049999999999999996;2.3000000000000007;2.9000000000000008
201;0.51514531572747524;0.01225515939512334;0.093659420289855078;0.029374093630298696;0.30434782608695654;0.070777480852607419;0.049999999999999996;2.4000000000000004;2.0
202;0.51424776018462737;0.012392218528692564;0.089130434782608708;0.02725290451406686;0.29347826086956519;0.06753141116090898;0.049999999999999996;2.4000000000000004;2.1000000000000001
203;0.5131958520566231;0.01251384249905093;0.085960144927536231;0.026021613261917154;0.27608695652173909;0.062289342529975672;0.049999999999999996;2.4000000000000004;2.2000000000000002
204;0.51261499090825313;0.012572566451898181;0.082155797101449268;0.024954833438239312;0.26521739130434779;0.049381811702611071;0.049999999999999996;2.4000000000000004;2.3000000000000003
205;0.51194060133625774;0.012610919281599358;0.080525362318840582;0.023718915861590997;0.25434782608695655;0.051490083836204396;0.049999999999999996;2.4000000000000004;2.4000000000000004
206;0.51135215281319835;0.012617155541462409;0.079619565217391303;0.021089516566050247;0.25217391304347825;0.045807190229794514;0.049999999999999996;2.4000000000000004;2.5000000000000004
207;0.51065692777642968;0.012580671991558396;0.077536231884057977;0.019254101819690467;0.24130434782608695;0.045026772124365178;0.049999999999999996;2.4000000000000004;2.6000000000000005
208;0.51053799375808706;0.012553657378840824;0.077807971014492744;0.01851219709809902;0.24130434782608695;0.043964670469905834;0.049999999999999996;2.4000000000000004;2.7000000000000006
209;0.51030807382492305;0.012502269630252834;0.07880434782608696;0.0171384854424135;0.23695652173913045;0.036956521739130423;0.049999999999999996;2.4000000000000004;2.8000000000000007
210;0.51022368279681252;0.012459631132435678;0.077626811594202899;0.017759399016102673;0.23260869565217396;0.035120640046529372;0.049999999999999996;2.4000000000000004;2.9000000000000008
211;0.51616082594380885;0.011893275834145097;0.092300724637681159;0.02624139695593011;0.291304347826087;0.062403043888727493;0.069999999999999993;1.8;2.0
212;0.51549424885298645;0.012058722262921566;0.0921195652173913;0.027195190944779176;0.28695652173913044;0.060558209900800519;0.069999999999999993;1.8;2.1000000000000001
213;0.51463598891906759;0.011954138576413224;0.084057971014492763;0.025797890193120433;0.27608695652173915;0.053294133357092439;0.069999999999999993;1.8;2.2000000000000002
214;0.51439280670533205;0.012436688999710014;0.086050724637681153;0.024149304977511679;0.26521739130434779;0.04433930011819813;0.069999999999999993;1.8;2.3000000000000003
215;0.51401524135980114;0.012659300216252035;0.083876811594202891;0.023182743873980283;0.25217391304347825;0.046827520062039163;0.069999999999999993;1.8;2.4000000000000004
216;0.51377934879288856;0.01290029013199165;0.081068840579710158;0.022692884002524383;0.2434782608695652;0.043260323352461737;0.069999999999999993;1.8;2.5000000000000004
217;0.51368901455995508;0.013152416369569308;0.081250000000000003;0.021481145841273561;0.2391304347826087;0.043478260869565216;0.069999999999999993;1.8;2.6000000000000005
218;0.51373820784959168;0.013409866180406245;0.080072463768115942;0.022540338178487648;0.23695652173913045;0.042876267224600043;0.069999999999999993;1.8;2.7000000000000006
219;0.51371179893793384;0.013657642146865125;0.080887681159420285;0.023675983781978906;0.23478260869565215;0.043260323352461737;0.069999999999999993;1.8;2.8000000000000007
220;0.51419458042988653;0.013925624742570511;0.080163043478260879;0.022804690051912328;0.23260869565217393;0.046675892507791063;0.069999999999999993;1.8;2.9000000000000008
221;0.5142904216787455;0.012009931862168883;0.089402173913043476;0.023397109091095551;0.28043478260869559;0.05275939608483303;0.069999999999999993;1.9000000000000001;2.0
222;0.51375753037273386;0.012131070136363156;0.089855072463768115;0.025908964030606402;0.2673913043478261;0.056730384133477772;0.069999999999999993;1.9000000000000001;2.1000000000000001
223;0.51311961151949093;0.012273324161660135;0.086956521739130432;0.023213867361799055;0.2608695652173913;0.052354759038227373;0.069999999999999993;1.9000000000000001;2.2000000000000002
224;0.51258517578689067;0.012444716381226668;0.086141304347826089;0.024488204116099616;0.25652173913043474;0.058169948522868054;0.069999999999999993;1.9000000000000001;2.3000000000000003
225;0.51218552248383309;0.012645567396724953;0.083333333333333343;0.024247631792672766;0.24347826086956523;0.051260113576311293;0.069999999999999993;1.9000000000000001;2.4000000000000004
226;0.51192696397938098;0.012867594975490055;0.080615942028985504;0.022900729120377515;0.24347826086956523;0.047429183107111805;0.069999999999999993;1.9000000000000001;2.5000000000000004
227;0.51185678685759228;0.013098001824161886;0.081250000000000003;0.023982421591003274;0.24130434782608692;0.047079147451538517;0.069999999999999993;1.9000000000000001;2.6000000000000005
228;0.5119293962615229;0.013326255512607453;0.081702898550724642;0.025667163801763315;0.24347826086956523;0.048415342285478453;0.069999999999999993;1.9000000000000001;2.7000000000000006
229;0.51214650215746382;0.013551982103606119;0.080253623188405801;0.023072769870884764;0.2391304347826087;0.036376522892785895;0.069999999999999993;1.9000000000000001;2.8000000000000007
230;0.51232537551604029;0.013765073468916629;0.079619565217391303;0.022122413732479026;0.23043478260869565;0.039130434782608692;0.069999999999999993;1.9000000000000001;2.9000000000000008
231;0.51302493125007087;0.012020690312906654;0.086231884057971012;0.022323075073549803;0.2565217391304348;0.049381811702611078;0.069999999999999993;2.0;2.0
232;0.51218303683255573;0.012103908839838059;0.086322463768115948;0.024040510350057033;0.2565217391304348;0.048415342285478453;0.069999999999999993;2.0;2.1000000000000001
233;0.51169019643346303;0.012222910291889631;0.084601449275362312;0.02294082046127062;0.24565217391304345;0.047677635216220239;0.069999999999999993;2.0;2.2000000000000002
234;0.51116165147972159;0.01237691507009275;0.083695652173913046;0.023849140571226828;0.23478260869565215;0.045392636995263254;0.069999999999999993;2.0;2.3000000000000003
235;0.51077246579635549;0.012569981906929466;0.082608695652173908;0.024307787127129717;0.23478260869565215;0.048415342285478447;0.069999999999999993;2.0;2.4000000000000004
236;0.51054316315759685;0.012789954259855546;0.07998188405797102;0.023776268098688096;0.22608695652173916;0.043695111396177787;0.069999999999999993;2.0;2.5000000000000004
237;0.51048103620947671;0.013020629235942114;0.080706521739130427;0.025537856560944348;0.23043478260869565;0.044763609308639138;0.069999999999999993;2.0;2.6000000000000005
238;0.51058495186762598;0.013249547004754388;0.079438405797101458;0.025297698474350171;0.2260869565217391;0.04369511139617778;0.069999999999999993;2.0;2.7000000000000006
239;0.51083413069707839;0.013476706345908116;0.07789855072463768;0.023361840089315491;0.22391304347826088;0.041304347826086961;0.069999999999999993;2.0;2.8000000000000007
240;0.51124079060140315;0.013711927830447583;0.079076086956521727;0.022091238137720279;0.22173913043478261;0.037401414204533162;0.069999999999999993;2.0;2.9000000000000008
241;0.51181480576906602;0.01197377768271239;0.084601449275362312;0.02154274215485379;0.25217391304347825;0.041475617452910681;0.069999999999999993;2.1000000000000005;2.0
242;0.51125480793337963;0.012049308442910344;0.082336956521739141;0.018841668377130898;0.23913043478260865;0.037653278425410372;0.069999999999999993;2.1000000000000005;2.1000000000000001
243;0.51066477792483822;0.012147279666246392;0.081974637681159424;0.01972995760659815;0.23478260869565215;0.034782608695652167;0.069999999999999993;2.1000000000000005;2.2000000000000002
244;0.51018570490774828;0.01229094474341655;0.081340579710144939;0.020342355730666197;0.22826086956521738;0.035388740426303703;0.069999999999999993;2.1000000000000005;2.3000000000000003
245;0.50986493552415291;0.012482806117510398;0.079619565217391303;0.019618193509932373;0.22391304347826088;0.038948854059062871;0.069999999999999993;2.1000000000000005;2.4000000000000004
246;0.50963049648760927;0.012700788463875798;0.08043478260869566;0.019569410447093111;0.22608695652173916;0.042599821613620491;0.069999999999999993;2.1000000000000005;2.5000000000000004
247;0.50963822124731972;0.012953299050887365;0.078894927536231882;0.020517654001100734;0.22173913043478261;0.042153737890576776;0.069999999999999993;2.1000000000000005;2.6000000000000005
248;0.50985364354351581;0.013225623066130669;0.077264492753623196;0.021938435716060453;0.2152173913043478;0.043964670469905841;0.069999999999999993;2.1000000000000005;2.7000000000000006
249;0.51016876237941777;0.013511364639952882;0.076268115942028994;0.021926277778384341;0.2152173913043478;0.042876267224600043;0.069999999999999993;2.1000000000000005;2.8000000000000007
250;0.5106230961952567;0.013821473670475284;0.077083333333333337;0.022595779999526899;0.21304347826086958;0.03864432355354603;0.069999999999999993;2.1000000000000005;2.9000000000000008
251;0.51111786235522239;0.011928192762031041;0.083423913043478251;0.017594161488502711;0.24565217391304345;0.032317540755040224;0.069999999999999993;2.2000000000000002;2.0
252;0.51050994437785491;0.011999094500483828;0.081340579710144939;0.018424901645059596;0.2391304347826087;0.035053294557819775;0.069999999999999993;2.2000000000000002;2.1000000000000001
253;0.50995390604411561;0.012098092729214497;0.078442028985507256;0.016460603900870362;0.22826086956521743;0.031125697963644249;0.069999999999999993;2.2000000000000002;2.2000000000000002
254;0.50964807975279158;0.012243809931389087;0.081068840579710144;0.017518453153836717;0.22826086956521743;0.035388740426303703;0.069999999999999993;2.2000000000000002;2.3000000000000003
255;0.50942307056304226;0.012430404649682491;0.082246376811594205;0.016881880807567747;0.22608695652173916;0.037903469074266734;0.069999999999999993;2.2000000000000002;2.4000000000000004
256;0.50939324982026712;0.012661319759569549;0.081702898550724642;0.018615397626037096;0.21956521739130436;0.043964670469905841;0.069999999999999993;2.2000000000000002;2.5000000000000004
257;0.50950173809043464;0.012933855035572477;0.080797101449275377;0.018402622971770245;0.21304347826086958;0.03864432355354603;0.069999999999999993;2.2000000000000002;2.6000000000000005
258;0.50976390724058995;0.013253330570748158;0.079347826086956535;0.021170088634770358;0.21304347826086958;0.037401414204533155;0.069999999999999993;2.2000000000000002;2.7000000000000006
259;0.51017269097686779;0.013627062722350137;0.077989130434782616;0.021551309712533995;0.21304347826086958;0.036115755925730755;0.069999999999999993;2.2000000000000002;2.8000000000000007
260;0.51070274193759047;0.01405565188726848;0.077626811594202913;0.022035457728181766;0.21739130434782608;0.035053294557819775;0.069999999999999993;2.2000000000000002;2.9000000000000008
261;0.51052827525953126;0.011881961983665432;0.083423913043478265;0.016536441859353542;0.24130434782608695;0.029886363227972869;0.069999999999999993;2.3000000000000007;2.0
262;0.51008451305507496;0.011987578788878494;0.081431159420289861;0.015512419985547829;0.23478260869565221;0.031949866210215359;0.069999999999999993;2.3000000000000007;2.1000000000000001
263;0.50973251375359208;0.012116619425946516;0.080797101449275363;0.014257603166631166;0.22173913043478261;0.023413760031019581;0.069999999999999993;2.3000000000000007;2.2000000000000002
264;0.50955721486516414;0.012290472536707082;0.079800724637681161;0.014803340907254119;0.21739130434782608;0.02749806661015982;0.069999999999999993;2.3000000000000007;2.3000000000000003
265;0.50950246966858082;0.01247337219493908;0.081974637681159424;0.017893791906828275;0.21956521739130436;0.032897273805264256;0.069999999999999993;2.3000000000000007;2.4000000000000004
266;0.50968894188475611;0.012726011368600505;0.080615942028985518;0.016489488291411034;0.2152173913043478;0.029886363227972872;0.069999999999999993;2.3000000000000007;2.5000000000000004
267;0.50988145316277611;0.012999387168498284;0.079438405797101458;0.016878235374071997;0.21304347826086953;0.033396285860298296;0.069999999999999993;2.3000000000000007;2.6000000000000005
268;0.51027982579551368;0.013361594033691106;0.079800724637681161;0.01763608124226301;0.2152173913043478;0.040612047157107402;0.069999999999999993;2.3000000000000007;2.7000000000000006
269;0.51092824293516248;0.013837318966718668;0.079166666666666663;0.018116847803443168;0.2152173913043478;0.040612047157107402;0.069999999999999993;2.3000000000000007;2.8000000000000007
270;0.51157161539473461;0.01438080537732158;0.081250000000000003;0.019612337582354498;0.22173913043478261;0.037401414204533155;0.069999999999999993;2.3000000000000007;2.9000000000000008
271;0.51033661411449305;0.011849546442867009;0.083786231884057982;0.016678723191191371;0.2391304347826087;0.037653278425410372;0.069999999999999993;2.4000000000000004;2.0
272;0.5100424182734995;0.012019236680719208;0.082608695652173922;0.014002111491985218;0.23478260869565221;0.030434782608695646;0.069999999999999993;2.4000000000000004;2.1000000000000001
273;0.50986904463888516;0.012204549544541646;0.078985507246376818;0.013274177609943752;0.22173913043478261;0.031949866210215366;0.069999999999999993;2.4000000000000004;2.2000000000000002
274;0.5098802470475875;0.012417024404098718;0.077807971014492772;0.01379341925426026;0.21304347826086958;0.036115755925730755;0.069999999999999993;2.4000000000000004;2.3000000000000003
275;0.51003794290094273;0.01264683091090806;0.077717391304347822;0.015301269865057017;0.20869565217391303;0.031049688819751523;0.069999999999999993;2.4000000000000004;2.4000000000000004
276;0.51032684693501384;0.012904114104268904;0.076449275362318839;0.016330494332952087;0.20217391304347826;0.027583864218368521;0.069999999999999993;2.4000000000000004;2.5000000000000004
277;0.51073698749301699;0.013210239964202836;0.080706521739130441;0.017467798635859785;0.20652173913043476;0.035388740426303703;0.069999999999999993;2.4000000000000004;2.6000000000000005
278;0.51126107518538866;0.013590443805666002;0.081250000000000003;0.016999328554020737;0.20869565217391303;0.035321906107112867;0.069999999999999993;2.4000000000000004;2.7000000000000006
279;0.51189092899644417;0.014063556552780052;0.080978260869565208;0.018413320098989293;0.21086956521739131;0.035120640046529372;0.069999999999999993;2.4000000000000004;2.8000000000000007
280;0.51260941158507767;0.014633720478978202;0.082880434782608703;0.018805927232546246;0.21739130434782608;0.032244341248242006;0.069999999999999993;2.4000000000000004;2.9000000000000008
281;0.51354440609445218;0.011493147282531526;0.081974637681159424;0.017391540230888257;0.2391304347826087;0.042377366716560713;0.089999999999999983;1.8;2.0
282;0.51324985343249707;0.011670101279166817;0.083152173913043484;0.018295307703724343;0.23260869565217393;0.032317540755040224;0.089999999999999983;1.8;2.1000000000000001
283;0.51304903959720138;0.011895169817904261;0.080525362318840582;0.017107099978378497;0.22826086956521743;0.037965759122984742;0.089999999999999983;1.8;2.2000000000000002
284;0.51297338564461303;0.012191571409772199;0.081702898550724642;0.017928376838750738;0.22826086956521743;0.040378642654362411;0.089999999999999983;1.8;2.3000000000000003
285;0.51304748192052974;0.012574679754677989;0.078985507246376818;0.016513354406843442;0.21956521739130436;0.036956521739130437;0.089999999999999983;1.8;2.4000000000000004
286;0.51329156725335756;0.01306246905034626;0.076086956521739135;0.015725430755396314;0.21739130434782611;0.029166104054345079;0.089999999999999983;1.8;2.5000000000000004
287;0.5137071927055914;0.013659148729333149;0.07952898550724638;0.020578944668352073;0.21739130434782608;0.037653278425410365;0.089999999999999983;1.8;2.6000000000000005
288;0.51427673409917662;0.01435708492110946;0.081159420289855067;0.02381815825973848;0.21739130434782608;0.038888138739126769;0.089999999999999983;1.8;2.7000000000000006
289;0.51496512305915387;0.015133018590527316;0.080163043478260879;0.024537740875296168;0.21739130434782611;0.040084975901273419;0.089999999999999983;1.8;2.8000000000000007
290;0.51573014955434682;0.015955003640884664;0.08115942028985508;0.025453382067716471;0.22391304347826085;0.046675892507791063;0.089999999999999983;1.8;2.9000000000000008
291;0.51296504332653625;0.011652998309586304;0.080344202898550723;0.014504354505524477;0.22608695652173916;0.031049688819751519;0.089999999999999983;1.9000000000000001;2.0
292;0.51283160728877264;0.011885271105242987;0.078623188405797101;0.014559402906042079;0.22391304347826088;0.027583864218368521;0.089999999999999983;1.9000000000000001;2.1000000000000001
293;0.51278547671668451;0.012199061866471426;0.07998188405797102;0.012406775344913253;0.22608695652173916;0.029488391230979422;0.089999999999999983;1.9000000000000001;2.2000000000000002
294;0.51291671174746056;0.012534299873969441;0.078623188405797101;0.014485958551959281;0.21521739130434786;0.031427896293045564;0.089999999999999983;1.9000000000000001;2.3000000000000003
295;0.5131615287958422;0.012875097564614952;0.079166666666666677;0.01487383932978697;0.21086956521739131;0.033748205861434837;0.089999999999999983;1.9000000000000001;2.4000000000000004
296;0.51358697329487812;0.013346023935373484;0.078170289855072461;0.016294532069449526;0.20652173913043476;0.037965759122984742;0.089999999999999983;1.9000000000000001;2.5000000000000004
297;0.51416017995502528;0.013923224647618401;0.077536231884057963;0.018007829576768896;0.20869565217391303;0.033957607286550673;0.089999999999999983;1.9000000000000001;2.6000000000000005
298;0.51485998978074532;0.014611945562793053;0.076358695652173916;0.019687495311608651;0.21086956521739131;0.042433089773789415;0.089999999999999983;1.9000000000000001;2.7000000000000006
299;0.51575878763870642;0.015447638076789989;0.077083333333333337;0.021352425601791129;0.21086956521739131;0.042433089773789415;0.089999999999999983;1.9000000000000001;2.8000000000000007
300;0.51661593466546907;0.016295397767625733;0.078532608695652178;0.020540035304364938;0.22173913043478261;0.046422079356657861;0.089999999999999983;1.9000000000000001;2.9000000000000008
301;0.51275251784781228;0.011735836611643667;0.079076086956521727;0.013802933188575383;0.21739130434782608;0.043478260869565209;0.089999999999999983;2.0;2.0
302;0.5180591288158134;0.016986269124770848;0.079438405797101458;0.020407791623230531;0.23913043478260865;0.052354759038227373;0.089999999999999983;2.0;2.1000000000000001
303;0.51302793201771113;0.012580198151729506;0.079438405797101444;0.014402173913043482;0.21739130434782608;0.030743773095067279;0.089999999999999983;2.0;2.2000000000000002
304;0.51331265092914069;0.012976301852037185;0.07744565217391304;0.01704367428471025;0.21086956521739131;0.036441423074435236;0.089999999999999983;2.0;2.3000000000000003
305;0.51388988101560817;0.013537249643105369;0.078804347826086946;0.017076137310540557;0.20869565217391309;0.039130434782608692;0.089999999999999983;2.0;2.4000000000000004
306;0.51437558815782169;0.013982853069484959;0.07880434782608696;0.018514634560845518;0.20434782608695654;0.044763609308639124;0.089999999999999983;2.0;2.5000000000000004
307;0.51506569348466513;0.014562743073170056;0.078351449275362334;0.018171337406767799;0.20434782608695654;0.044763609308639124;0.089999999999999983;2.0;2.6000000000000005
308;0.51584073801029096;0.015207162515578744;0.079076086956521754;0.017731657884877992;0.20652173913043476;0.041532550379440869;0.089999999999999983;2.0;2.7000000000000006
309;0.5166835153674183;0.015915667010851824;0.078713768115942023;0.016894755039570448;0.2152173913043478;0.039431211189602286;0.089999999999999983;2.0;2.8000000000000007
310;0.51757461672757499;0.016676383553805626;0.082608695652173922;0.016789285861011104;0.21739130434782608;0.036376522892785895;0.089999999999999983;2.0;2.9000000000000008
311;0.5129183607618516;0.012010957944502207;0.080797101449275349;0.014165230291539576;0.21739130434782608;0.041247099915239727;0.089999999999999983;2.1000000000000005;2.0
312;0.51334295948132691;0.012652225553748526;0.080163043478260879;0.013726637080233861;0.2152173913043478;0.0356548249279494;0.089999999999999983;2.1000000000000005;2.1000000000000001
313;0.51371131841906426;0.013122289535439535;0.077536231884057977;0.015136300503843703;0.20869565217391303;0.04032008041519871;0.089999999999999983;2.1000000000000005;2.2000000000000002
314;0.51428195350402695;0.013675433777702433;0.07880434782608696;0.016379656992776388;0.20869565217391303;0.033957607286550673;0.089999999999999983;2.1000000000000005;2.3000000000000003
315;0.51493327454342375;0.014235959428877679;0.077717391304347822;0.01731376130720343;0.20652173913043476;0.036699876122030718;0.089999999999999983;2.1000000000000005;2.4000000000000004
316;0.51560534806318237;0.014780440225477552;0.077989130434782616;0.015706897844150459;0.21086956521739131;0.038948854059062864;0.089999999999999983;2.1000000000000005;2.5000000000000004
317;0.5163351076144278;0.015334983919661465;0.077536231884057977;0.015011110497004784;0.20652173913043481;0.034027121396735929;0.089999999999999983;2.1000000000000005;2.6000000000000005
318;0.51711477330317257;0.015902707137950636;0.07880434782608696;0.016269084248642738;0.20869565217391303;0.031049688819751523;0.089999999999999983;2.1000000000000005;2.7000000000000006
319;0.51795793683418057;0.016500668628391644;0.079347826086956535;0.015856365697198508;0.21086956521739131;0.030820536692951792;0.089999999999999983;2.1000000000000005;2.8000000000000007
320;0.51881779244186066;0.017116965487297579;0.082155797101449282;0.015958746586984811;0.21739130434782611;0.030743773095067279;0.089999999999999983;2.1000000000000005;2.9000000000000008
321;0.51365117165192153;0.012685796007903701;0.079710144927536239;0.014577424763977432;0.21739130434782608;0.04237736671656072;0.089999999999999983;2.2000000000000002;2.0
322;0.51430628464883921;0.013453264935685506;0.079710144927536225;0.014922302797254414;0.21304347826086958;0.038644323553546044;0.089999999999999983;2.2000000000000002;2.1000000000000001
323;0.51506140630227448;0.014146056530858641;0.078713768115942023;0.015224129374348123;0.21304347826086953;0.034782608695652174;0.089999999999999983;2.2000000000000002;2.2000000000000002
324;0.51585822748371724;0.014769406634438183;0.078713768115942023;0.016792462017623161;0.21304347826086958;0.034782608695652167;0.089999999999999983;2.2000000000000002;2.3000000000000003
325;0.51665082862948997;0.01533751047701342;0.078442028985507242;0.016975904009808154;0.21304347826086958;0.038644323553546037;0.089999999999999983;2.2000000000000002;2.4000000000000004
326;0.51742344693900755;0.015862049140269122;0.075996376811594199;0.017193212494197103;0.20434782608695654;0.036635433796418954;0.089999999999999983;2.2000000000000002;2.5000000000000004
327;0.51818249217036716;0.016349770732538592;0.076358695652173902;0.017796319923948846;0.20434782608695654;0.043695111396177787;0.089999999999999983;2.2000000000000002;2.6000000000000005
328;0.51894417209353561;0.016814573710016358;0.076358695652173902;0.016574106953891984;0.20434782608695654;0.043695111396177787;0.089999999999999983;2.2000000000000002;2.7000000000000006
329;0.51972185585846398;0.017270309742429955;0.078351449275362334;0.016164100917623301;0.20652173913043481;0.041532550379440869;0.089999999999999983;2.2000000000000002;2.8000000000000007
330;0.52077533348215321;0.017836789230805509;0.080797101449275363;0.015418784660111026;0.21304347826086958;0.038644323553546037;0.089999999999999983;2.2000000000000002;2.9000000000000008
331;0.51473228931073811;0.013489613124266348;0.078351449275362334;0.016490732170890143;0.20434782608695654;0.029488391230979426;0.089999999999999983;2.3000000000000007;2.0
332;0.51566487668738736;0.014437029419715313;0.078532608695652178;0.015756964783658269;0.20869565217391303;0.029488391230979426;0.089999999999999983;2.3000000000000007;2.1000000000000001
333;0.51665778455554823;0.015256817354085477;0.079438405797101458;0.015578920185567684;0.21739130434782608;0.033678116053977532;0.089999999999999983;2.3000000000000007;2.2000000000000002
334;0.51787585415054571;0.016115850726415932;0.079891304347826098;0.018584519714829221;0.21521739130434786;0.038213903980971617;0.089999999999999983;2.3000000000000007;2.3000000000000003
335;0.51860043302154391;0.016594970778432042;0.078532608695652178;0.018323314914616227;0.21086956521739131;0.044604966366702588;0.089999999999999983;2.3000000000000007;2.4000000000000004
336;0.51948751851969599;0.017137877012789487;0.077717391304347835;0.018087840523268971;0.20652173913043481;0.037965759122984742;0.089999999999999983;2.3000000000000007;2.5000000000000004
337;0.5203204189637749;0.017606825489144693;0.079166666666666677;0.018625972554532137;0.20652173913043481;0.039190774733304228;0.089999999999999983;2.3000000000000007;2.6000000000000005
338;0.52111644525144363;0.018015294186838796;0.078623188405797101;0.018558012042352034;0.20869565217391303;0.04032008041519871;0.089999999999999983;2.3000000000000007;2.7000000000000006
339;0.52188185687465904;0.018374187854664974;0.080344202898550737;0.01606124111591551;0.21304347826086958;0.041017309269811328;0.089999999999999983;2.3000000000000007;2.8000000000000007
340;0.52260987583311025;0.018689932729689916;0.081068840579710158;0.015266107751935981;0.21086956521739131;0.036441423074435236;0.089999999999999983;2.3000000000000007;2.9000000000000008
341;0.51573039385836283;0.014424073223258204;0.078532608695652178;0.018576792217568888;0.21304347826086958;0.036115755925730755;0.089999999999999983;2.4000000000000004;2.0
342;0.51678646454382648;0.015323562971365067;0.078623188405797101;0.020045762599453704;0.21086956521739131;0.027583864218368528;0.089999999999999983;2.4000000000000004;2.1000000000000001
343;0.51808064933320852;0.01630012079592285;0.078713768115942023;0.019403730028667552;0.21086956521739131;0.027583864218368528;0.089999999999999983;2.4000000000000004;2.2000000000000002
344;0.51908245618942483;0.016940035176005865;0.079257246376811599;0.01912605111445994;0.21086956521739131;0.033748205861434837;0.089999999999999983;2.4000000000000004;2.3000000000000003
345;0.52014493984321009;0.01761254495777936;0.081884057971014487;0.020731477537565171;0.21086956521739131;0.037715981680211896;0.089999999999999983;2.4000000000000004;2.4000000000000004
346;0.52111417203017474;0.018185146185195223;0.081612318840579706;0.021570336546158843;0.20869565217391303;0.047826086956521741;0.089999999999999983;2.4000000000000004;2.5000000000000004
347;0.52201371091160365;0.018661851788764512;0.083967391304347827;0.024033683665547437;0.21304347826086958;0.046422079356657875;0.089999999999999983;2.4000000000000004;2.6000000000000005
348;0.52299632902531712;0.01913767601931543;0.084510869565217389;0.023221111728999686;0.21521739130434786;0.045026772124365171;0.089999999999999983;2.4000000000000004;2.7000000000000006
349;0.52362378730368164;0.019345282070661732;0.085326086956521746;0.022871331970109581;0.21521739130434786;0.041759505896301188;0.089999999999999983;2.4000000000000004;2.8000000000000007
350;0.52434010899442274;0.019591835974168872;0.086050724637681167;0.023104041505317575;0.20869565217391303;0.041475617452910674;0.089999999999999983;2.4000000000000004;2.9000000000000008
351;0.515381115045632;0.01236782356618267;0.079347826086956522;0.012571993893403972;0.22173913043478261;0.036115755925730762;0.10999999999999997;1.8;2.0
352;0.51584599331944458;0.01303072923044702;0.079257246376811585;0.014225629270627985;0.21956521739130436;0.038213903980971624;0.10999999999999997;1.8;2.1000000000000001
353;0.51643900488206662;0.013705139078437803;0.078985507246376818;0.014337941258992303;0.22173913043478261;0.031949866210215359;0.10999999999999997;1.8;2.2000000000000002
354;0.51717441479207071;0.014430681454707307;0.077173913043478273;0.015418784660111023;0.20869565217391303;0.031049688819751519;0.10999999999999997;1.8;2.3000000000000003
355;0.51802218146240608;0.015217870030380044;0.076811594202898556;0.01550898168538007;0.20652173913043481;0.032608695652173919;0.10999999999999997;1.8;2.4000000000000004
356;0.51895413665091605;0.016067838999168832;0.077536231884057977;0.016912956546353348;0.20217391304347826;0.038948854059062864;0.10999999999999997;1.8;2.5000000000000004
357;0.51994403174673598;0.016960387744217729;0.076358695652173916;0.016756267108088415;0.20217391304347826;0.038948854059062864;0.10999999999999997;1.8;2.6000000000000005
358;0.52109357423191072;0.017933102584559487;0.07789855072463768;0.018314133269710309;0.20869565217391303;0.043695111396177787;0.10999999999999997;1.8;2.7000000000000006
359;0.52199888680473649;0.018768277031233842;0.077264492753623182;0.017998031132840205;0.20434782608695654;0.04032008041519871;0.10999999999999997;1.8;2.8000000000000007
360;0.52302420220833656;0.019636021303227724;0.078985507246376818;0.017351630471664756;0.21521739130434786;0.035654824927949406;0.10999999999999997;1.8;2.9000000000000008
361;0.51675602750692318;0.013501274641420213;0.078713768115942037;0.013840923529381552;0.22173913043478261;0.033396285860298289;0.10999999999999997;1.9000000000000001;2.0
362;0.51749569389715588;0.014389915144373757;0.078985507246376832;0.015295906831747606;0.21956521739130436;0.028260869565217384;0.10999999999999997;1.9000000000000001;2.1000000000000001
363;0.5183017784547943;0.015197755341127392;0.078260869565217397;0.016229700293061627;0.21521739130434786;0.036956521739130437;0.10999999999999997;1.9000000000000001;2.2000000000000002
364;0.51916132456977437;0.015941329321818964;0.078079710144927539;0.016049743157089076;0.21521739130434786;0.0356548249279494;0.10999999999999997;1.9000000000000001;2.3000000000000003
365;0.52004824018987494;0.016647096321579354;0.078260869565217397;0.017429005030153176;0.21956521739130436;0.031427896293045557;0.10999999999999997;1.9000000000000001;2.4000000000000004
366;0.52094585691048101;0.017336175963596507;0.077536231884057977;0.017019346639939193;0.21304347826086958;0.039848484303963823;0.10999999999999997;1.9000000000000001;2.5000000000000004
367;0.52187716424242692;0.018034175099328087;0.078804347826086946;0.017042470762886574;0.21086956521739131;0.038948854059062864;0.10999999999999997;1.9000000000000001;2.6000000000000005
368;0.52278069243158842;0.018705204309535612;0.077989130434782603;0.018072638461901051;0.20652173913043481;0.037965759122984742;0.10999999999999997;1.9000000000000001;2.7000000000000006
369;0.52371362947001288;0.019375372487648656;0.079166666666666649;0.01848003685696608;0.21304347826086953;0.036115755925730755;0.10999999999999997;1.9000000000000001;2.8000000000000007
370;0.52464999125184963;0.020023787303067978;0.078985507246376818;0.018245910597121991;0.21304347826086953;0.038644323553546037;0.10999999999999997;1.9000000000000001;2.9000000000000008
371;0.51842528530066834;0.014778118088349099;0.077536231884057977;0.017792400715176404;0.20869565217391303;0.039130434782608692;0.10999999999999997;2.0;2.0
372;0.51971242334967604;0.015958422982406035;0.076811594202898556;0.019400981370406134;0.20869565217391309;0.039130434782608692;0.10999999999999997;2.0;2.1000000000000001
373;0.52086397235210924;0.016858787264231592;0.078079710144927525;0.019611291696999076;0.21304347826086953;0.039848484303963823;0.10999999999999997;2.0;2.2000000000000002
374;0.52170927848206428;0.017499378747077451;0.07789855072463768;0.017338385672471594;0.21521739130434786;0.031427896293045564;0.10999999999999997;2.0;2.3000000000000003
375;0.52274672035736824;0.018221031311414438;0.07880434782608696;0.016132345551371875;0.21304347826086958;0.037401414204533155;0.10999999999999997;2.0;2.4000000000000004
376;0.52371186228187783;0.018868254999975506;0.079076086956521741;0.018061739565940711;0.21086956521739131;0.043532574770653878;0.10999999999999997;2.0;2.5000000000000004
377;0.5246219944657875;0.019447179684126941;0.080797101449275363;0.019222542591116734;0.20869565217391303;0.043695111396177787;0.10999999999999997;2.0;2.6000000000000005
378;0.52581367679521751;0.020103857465775147;0.082427536231884063;0.018655902299573087;0.21521739130434786;0.040612047157107402;0.10999999999999997;2.0;2.7000000000000006
379;0.52635097557274557;0.020432081059582691;0.081702898550724642;0.016100782347032567;0.21521739130434786;0.034303769213172831;0.10999999999999997;2.0;2.8000000000000007
380;0.52745200905956502;0.020949882288554916;0.082246376811594218;0.015376155923132573;0.21521739130434786;0.03695652173913043;0.10999999999999997;2.0;2.9000000000000008
381;0.51945839080068568;0.016123168698459159;0.081250000000000003;0.021656129290175758;0.21739130434782608;0.040084975901273419;0.10999999999999997;2.1000000000000005;2.0
382;0.52089822871874492;0.017153252473929619;0.081431159420289848;0.02292740482794569;0.21739130434782608;0.041247099915239727;0.10999999999999997;2.1000000000000005;2.1000000000000001
383;0.52231416593432567;0.018022622475410963;0.081159420289855094;0.022937243726273086;0.21956521739130436;0.040612047157107402;0.10999999999999997;2.1000000000000005;2.2000000000000002
384;0.52363999609764744;0.018779553098069841;0.081250000000000003;0.023620472247602251;0.22173913043478258;0.042153737890576776;0.10999999999999997;2.1000000000000005;2.3000000000000003
385;0.52483698801848089;0.019451633326880005;0.082880434782608703;0.02144368225402616;0.22173913043478261;0.041017309269811328;0.10999999999999997;2.1000000000000005;2.4000000000000004
386;0.52605699999913536;0.020146580858121672;0.085235507246376824;0.02168793034676933;0.22826086956521738;0.04265525406597518;0.10999999999999997;2.1000000000000005;2.5000000000000004
387;0.52683517444767625;0.020521156189229992;0.087771739130434789;0.020529647019427322;0.22608695652173916;0.047826086956521741;0.10999999999999997;2.1000000000000005;2.6000000000000005
388;0.52767715671190529;0.020910172613857345;0.08731884057971015;0.020924501215147506;0.22826086956521743;0.048852619683139628;0.10999999999999997;2.1000000000000005;2.7000000000000006
389;0.52844584418115448;0.021224435098355723;0.089492753623188412;0.022090309618428106;0.22826086956521738;0.041532550379440862;0.10999999999999997;2.1000000000000005;2.8000000000000007
390;0.52914870971009287;0.021490856478944168;0.08849637681159421;0.02208009332915218;0.22608695652173916;0.041475617452910674;0.10999999999999997;2.1000000000000005;2.9000000000000008
391;0.5195852060520969;0.017285607661849691;0.082155797101449282;0.021648550724637682;0.2260869565217391;0.03790346907426672;0.10999999999999997;2